Variant,Dice,IoU,HD95,ASSD,Surface Dice
A1,0.6284,0.4582,486.001,255.5084,0.7247
A2,0.7513,0.6016,486.001,255.5084,0.9196
A3,0.6031,0.4318,486.001,255.5084,0.6793
A4,0.6839,0.5196,486.001,255.5084,0.7516
A5,0.7232,0.5664,486.001,255.5084,0.9059
A6,0.8468,0.7343,486.001,255.5084,0.9684
A7,0.6804,0.5156,486.001,255.5084,0.7396
A8,0.8555,0.7475,486.001,255.5084,0.965
Loss_DiceOnly,0.0338,0.0172,486.001,255.5084,0.1605
Loss_FocalDice,0.7057,0.5453,486.001,255.5084,0.9196
Loss_DiceBound,0.863,0.7591,486.001,255.5084,0.9773
Context_5D,0.9176,0.8477,486.001,255.5084,0.9893
